Tabela 23a,,,,,,,,,,,,
Viagens Diárias Atraídas por Motivo no Destino e Zona de Destino – 2023,,,,,,,,,,,,
Região Metropolitana de São Paulo,,,,,,,,,,,,
Pesquisa Origem e Destino 2023,,,,,,,,,,,,
Companhia do Metropolitano de São Paulo ,,,,,,,,,,,,
,,,,,,,,,,,,
Zona de Destino,Viagens Atraídas por Motivo no Destino,,,,,,,,,,,Total
,Trabalho,Trabalho,Trabalho,,,,,,Procurar ,Assuntos, ,
,Indústria,Comércio,Serviços,Educação,Compras,Saúde,Lazer,Residência,Emprego,Pessoais,Refeição,
,,,,,,,,,,,,
1," 1,897 "," 7,519 "," 47,829 "," 5,773 "," 3,376 ", 949 ," 1,314 "," 3,777 ", 783 ," 10,106 "," 7,161 "," 90,485 "
2, 672 ," 28,576 "," 21,392 "," 1,706 "," 19,745 ", 831 , 732 ," 4,384 ", -   ," 2,983 "," 2,050 "," 83,071 "
3, 750 , 587 ," 19,642 "," 4,364 "," 2,943 ", 358 , 804 ," 15,477 ", -   ," 2,926 "," 1,093 "," 48,945 "
4, 435 ," 3,475 "," 20,907 "," 3,123 ", 902 , 229 ," 4,608 "," 26,734 ", -   ," 1,847 "," 2,305 "," 64,565 "
5," 4,089 "," 14,968 "," 67,710 "," 3,414 "," 3,032 "," 2,251 "," 3,618 "," 12,031 "," 1,358 "," 8,407 "," 4,957 "," 125,836 "
6, 30 ," 15,211 "," 22,907 "," 1,104 "," 2,255 "," 2,408 ", 953 ," 19,140 ", 130 ," 2,453 "," 1,708 "," 68,301 "
7," 3,447 "," 11,048 "," 20,212 "," 5,422 "," 3,153 ", -   ," 1,993 "," 12,394 ", 936 ," 3,051 "," 1,637 "," 63,292 "
8," 1,973 "," 2,131 "," 4,156 "," 7,490 ", 637 , -   , 743 ," 11,147 ", -   , 439 , 295 ," 29,013 "
9," 1,900 ", 423 ," 10,881 "," 8,710 ", 70 , 711 , 490 ," 5,721 ", -   ," 1,178 ", -   ," 30,084 "
10, 742 ," 4,252 "," 5,818 "," 6,718 ", 427 , 96 , 751 ," 1,909 ", -   , 35 , 26 ," 20,774 "
11, 775 ," 2,551 ", 214 ," 2,279 ", -   , -   , -   ," 4,854 ", -   , 45 , -   ," 10,719 "
12," 2,226 "," 13,274 "," 9,865 "," 3,910 "," 1,644 ", 889 , 49 ," 11,403 ", -   ," 1,071 "," 1,138 "," 45,471 "
13, 109 ," 19,983 "," 1,733 ", 460 ," 6,503 ", -   , -   , 803 , -   ," 1,136 ", -   ," 30,726 "
14," 1,860 "," 15,731 "," 6,954 "," 5,690 "," 11,170 ", 225 , 289 ," 1,849 ", 254 ," 1,391 ", 361 ," 45,775 "
15," 1,497 "," 5,198 "," 5,954 ", 916 ," 2,675 ", 541 , 203 ," 6,788 ", -   ," 1,839 ", -   ," 25,612 "
16," 6,681 "," 4,078 "," 8,997 "," 4,457 "," 1,832 ", 224 , 905 ," 22,005 ", 376 ," 1,182 ", -   ," 50,737 "
17, 145 ," 6,317 "," 5,219 ", 698 ," 1,928 ", -   , 860 ," 8,391 ", -   ," 1,058 ", -   ," 24,616 "
18," 7,499 "," 2,746 "," 14,786 "," 8,964 "," 1,338 "," 3,724 ", 798 ," 24,194 ", 21 ," 2,687 ", 372 ," 67,130 "
19," 1,469 "," 1,863 "," 8,226 "," 6,853 ", 817 ," 4,396 ", 664 ," 15,826 ", 495 , 772 , 291 ," 41,673 "
20," 1,213 ", 697 ," 8,104 "," 3,323 ", -   , 49 , -   ," 27,720 ", -   , -   , -   ," 41,106 "
21, 116 ," 1,734 "," 4,426 "," 4,684 ", 308 , 632 , 771 ," 13,375 ", -   , 59 , -   ," 26,105 "
22, -   , 550 ," 5,800 "," 4,319 ", -   , 827 , 222 ," 9,934 ", -   , 88 , 137 ," 21,878 "
23, -   , 981 ," 13,099 "," 15,008 ", -   ," 8,335 "," 1,359 "," 1,873 ", -   ," 1,222 ", 522 ," 42,399 "
24," 1,511 "," 4,045 "," 16,665 "," 19,778 "," 1,193 "," 2,608 ", 378 ," 8,557 ", 186 , 975 ," 1,556 "," 57,452 "
25, 883 ," 1,341 "," 6,140 "," 2,231 ", 378 , 661 , 597 ," 16,053 ", -   , 704 , 14 ," 29,002 "
26, 418 , 657 ," 9,676 "," 6,646 ", 454 ," 3,106 ", 972 ," 9,303 ", -   , 548 , -   ," 31,780 "
27," 1,383 "," 5,132 "," 39,212 "," 7,876 "," 7,019 "," 10,448 "," 2,767 "," 13,962 ", -   , 996 ," 1,695 "," 90,491 "
28," 1,108 "," 2,105 "," 17,081 "," 8,425 ", 619 ," 2,820 "," 1,662 "," 7,752 ", 584 , 858 ," 2,569 "," 45,583 "
29," 2,632 "," 3,784 "," 53,634 "," 4,523 "," 1,855 "," 9,935 "," 6,602 "," 10,042 ", -   ," 3,118 "," 2,822 "," 98,947 "
30, 640 ," 1,273 "," 9,376 "," 4,177 "," 1,280 "," 2,438 ", 918 ," 15,245 ", 40 ," 1,223 ", 932 ," 37,543 "
31, 190 , 756 ," 26,468 "," 29,619 ", 328 ," 11,820 "," 3,880 "," 22,672 ", -   ," 1,673 "," 1,580 "," 98,985 "
32," 2,123 "," 6,120 "," 42,260 "," 7,942 "," 1,005 "," 5,715 "," 1,863 "," 7,213 ", 163 ," 1,821 "," 4,252 "," 80,477 "
33, 398 , 31 , 493 ," 2,228 ", 394 , 489 , -   ," 1,612 ", -   , 309 , 174 ," 6,128 "
34, -   , 26 ," 7,560 "," 7,238 ", 97 , 326 , 801 ," 5,947 ", -   , 149 , 116 ," 22,260 "
35, 600 ," 4,913 "," 34,023 "," 10,097 "," 1,195 "," 4,705 "," 2,376 "," 33,685 ", -   ," 3,582 "," 1,738 "," 96,915 "
36," 5,409 "," 6,182 "," 24,541 "," 9,223 "," 1,437 "," 1,959 "," 2,538 "," 34,892 ", -   ," 1,527 ", 940 ," 88,647 "
37," 1,263 ", 569 ," 8,450 "," 1,003 ", 336 , -   , -   ," 8,175 ", -   ," 1,381 ", 485 ," 21,660 "
38, 57 , 716 ," 2,742 "," 2,124 ", -   , -   , -   ," 6,012 ", -   , -   , -   ," 11,650 "
39," 1,289 ", 382 ," 6,973 "," 3,113 ", 210 ," 4,930 ", 417 ," 12,339 ", -   , 538 , -   ," 30,191 "
40," 1,715 "," 1,878 "," 8,090 "," 8,550 ", 473 ," 1,216 ", 822 ," 7,866 ", -   ," 1,071 ", 768 ," 32,449 "
41," 3,416 "," 4,777 "," 9,071 "," 11,051 "," 1,607 "," 3,638 "," 1,630 "," 18,758 ", -   ," 1,081 ", -   ," 55,028 "
42," 1,822 "," 2,166 "," 2,162 ", 388 ," 1,318 ", -   ," 2,291 "," 6,126 ", -   ," 1,071 ", 61 ," 17,405 "
43," 1,876 "," 5,039 "," 19,917 "," 15,506 "," 1,546 "," 3,415 ", 796 ," 25,648 ", -   ," 2,769 ", 804 ," 77,316 "
44," 1,726 "," 3,105 "," 16,249 "," 4,325 ", 494 ," 13,354 "," 2,025 "," 11,180 ", -   , 391 ," 1,148 "," 53,996 "
45," 6,042 "," 4,225 "," 19,627 "," 16,079 "," 2,634 "," 1,912 "," 2,798 "," 30,296 ", -   ," 3,447 ", 407 ," 87,466 "
46," 1,831 "," 5,609 "," 6,527 "," 11,609 ", 889 , 515 ," 1,081 "," 28,952 ", -   ," 1,401 ", 25 ," 58,440 "
47," 1,402 "," 1,965 "," 5,079 "," 4,550 ", 149 , 613 , -   ," 17,487 ", -   , 543 , 634 ," 32,422 "
48," 1,004 "," 3,471 "," 6,407 "," 3,652 ", 800 , 350 ," 3,450 "," 17,980 ", -   ," 1,979 ", -   ," 39,094 "
49," 1,733 ", 465 ," 13,952 "," 5,025 ", 178 ," 2,752 ", 262 ," 12,405 ", 64 , 591 , 42 ," 37,469 "
50, 206 ," 1,334 "," 1,491 "," 2,579 "," 1,623 "," 1,058 ", 286 ," 8,787 ", -   , 118 , -   ," 17,482 "
51, -   , 825 ," 5,183 "," 5,137 ", 942 , 865 , 76 ," 14,358 ", -   , 972 , -   ," 28,359 "
52," 1,568 ", 363 ," 8,452 "," 1,392 ", 335 , 366 , 598 ," 8,492 ", -   ," 2,355 ", 182 ," 24,103 "
53, 576 ," 2,565 "," 22,453 "," 9,857 ", 69 ," 4,002 "," 2,843 "," 9,705 ", -   ," 2,257 "," 1,588 "," 55,916 "
54," 1,135 "," 3,104 "," 24,315 "," 4,253 "," 2,131 "," 10,683 ", 366 ," 7,798 ", -   ," 1,744 "," 3,648 "," 59,177 "
55, 953 ," 1,404 "," 12,647 "," 16,746 "," 1,017 "," 2,175 "," 1,370 "," 14,006 ", -   , 823 , 119 ," 51,261 "
56, 581 ," 3,948 "," 11,708 "," 13,833 "," 1,724 "," 1,852 "," 1,230 "," 16,472 ", 216 ," 1,594 ", 615 ," 53,774 "
57," 1,002 "," 2,106 "," 32,416 "," 4,808 "," 1,489 "," 3,657 "," 3,481 "," 16,291 ", 219 , 918 , 642 ," 67,029 "
58, 662 ," 1,161 "," 15,561 "," 6,525 "," 2,639 ", 886 ," 1,252 "," 29,930 ", -   ," 2,997 "," 1,351 "," 62,963 "
59, 981 ," 4,503 "," 18,336 "," 9,052 "," 4,765 ", 777 ," 3,099 "," 38,674 ", -   ," 4,241 "," 1,216 "," 85,642 "
60, 446 ," 3,154 "," 13,223 "," 3,714 "," 1,981 "," 1,642 ", 240 ," 16,247 ", -   ," 1,165 ", 33 ," 41,844 "
61," 1,478 "," 3,775 "," 10,839 "," 7,360 ", 576 ," 1,430 "," 1,952 "," 22,271 ", -   ," 2,879 ", 358 ," 52,917 "
62, 864 , 822 ," 17,226 "," 6,027 ", 176 ," 5,404 "," 4,216 "," 4,065 ", -   , 442 , -   ," 39,244 "
63," 1,276 ", 328 ," 11,485 ", 703 , -   ," 13,082 ", 419 ," 1,860 ", -   , 152 , -   ," 29,304 "
64," 3,050 "," 4,947 "," 33,098 "," 8,435 "," 2,428 "," 3,988 "," 1,981 "," 28,210 ", -   ," 1,904 "," 2,348 "," 90,389 "
65, 847 ," 1,979 "," 12,606 "," 14,943 ", 806 , 63 , 503 ," 20,540 ", -   , 731 , 440 ," 53,456 "
66," 2,978 "," 5,426 "," 18,305 "," 12,752 "," 1,763 ", 812 ," 4,500 "," 10,579 ", -   ," 3,244 ", 796 ," 61,155 "
67," 3,317 "," 1,086 "," 7,310 "," 1,113 ", 240 ," 1,965 ", 521 ," 8,243 ", -   , 584 , 488 ," 24,867 "
68," 3,478 "," 2,657 "," 63,754 "," 4,182 ", 526 ," 1,369 "," 2,236 "," 18,122 ", -   ," 2,361 "," 5,123 "," 103,808 "
69," 6,390 "," 6,324 "," 27,353 "," 4,464 "," 1,273 ", 939 ," 1,331 "," 11,612 ", 294 , 889 ," 2,324 "," 63,193 "
70, 579 ," 4,242 "," 19,933 "," 12,802 ", 106 ," 3,099 "," 2,113 "," 9,873 ", -   , 930 , 633 ," 54,311 "
71," 1,946 "," 3,317 "," 28,049 "," 5,069 "," 2,051 ", 154 ," 1,053 "," 33,417 ", -   ," 4,110 "," 1,324 "," 80,490 "
72," 1,172 "," 2,449 "," 17,090 "," 4,556 ", 225 , 100 ," 1,101 "," 10,956 ", 116 ," 1,077 ", 659 ," 39,502 "
73," 11,325 "," 9,913 "," 102,961 ", 521 , 731 ," 1,040 "," 4,958 "," 10,065 ", -   ," 2,057 "," 9,730 "," 153,299 "
74," 6,006 "," 9,363 "," 38,372 "," 3,395 ", 278 ," 1,957 "," 1,210 "," 9,170 ", -   ," 1,391 "," 1,658 "," 72,800 "
75, 337 ," 2,239 "," 9,496 "," 1,447 ", 909 , 247 , 594 ," 11,060 ", -   , 665 , 300 ," 27,295 "
76," 1,240 "," 1,139 "," 14,211 "," 1,108 ", 51 ," 1,624 "," 2,288 "," 8,205 ", -   , 510 , 395 ," 30,771 "
77, 645 ," 3,120 "," 35,639 "," 5,762 ", 631 ," 16,773 "," 2,495 "," 18,231 ", -   ," 1,427 "," 1,107 "," 85,829 "
78, 733 ," 3,164 "," 19,627 "," 1,278 "," 1,675 ", 254 ," 1,138 "," 15,155 ", -   , 988 , 953 ," 44,964 "
79," 3,932 "," 3,873 "," 36,038 "," 8,127 ", 530 ," 9,435 "," 2,688 "," 9,393 ", 158 ," 3,722 "," 2,612 "," 80,508 "
80, 50 ," 6,694 "," 20,876 "," 5,084 "," 1,156 "," 2,182 "," 3,444 "," 16,448 ", 40 ," 1,204 "," 1,738 "," 58,917 "
81," 1,883 "," 6,826 "," 27,864 "," 2,873 "," 1,002 ", 641 ," 4,704 "," 9,672 ", -   ," 1,114 ", 779 ," 57,361 "
82," 5,440 "," 9,890 "," 57,872 "," 5,623 "," 1,651 "," 3,817 "," 6,172 "," 12,203 ", -   ," 5,238 "," 4,756 "," 112,661 "
83," 3,733 "," 4,476 "," 21,409 "," 11,652 ", 302 , 189 ," 2,408 "," 20,667 ", 36 ," 1,293 "," 2,392 "," 68,557 "
84, 418 ," 3,351 "," 13,913 "," 15,797 ", 940 , 140 , 157 ," 11,043 ", -   , 813 ," 1,724 "," 48,296 "
85, 334 , 36 ," 2,596 "," 4,403 ", 43 , 879 , 214 ," 4,026 ", -   , 145 , 340 ," 13,016 "
86, 308 ," 1,013 "," 2,271 "," 1,589 ", 15 , -   , 15 ," 1,896 ", -   , 302 , -   ," 7,409 "
87, 48 ," 1,453 "," 10,120 "," 4,106 ", 500 ," 1,903 "," 1,228 "," 15,351 ", -   ," 1,795 ", 136 ," 36,640 "
88," 1,181 "," 5,924 "," 19,105 "," 8,471 "," 1,578 "," 2,975 "," 2,071 "," 40,612 ", -   ," 1,905 ", 807 ," 84,628 "
89, 860 , -   ," 1,238 ", 997 , -   , 347 , 71 ," 10,585 ", -   , 314 , -   ," 14,412 "
90," 1,336 "," 1,472 "," 5,081 "," 3,958 ", 275 , 695 ," 1,721 "," 11,285 ", -   ," 1,033 ", 149 ," 27,005 "
91," 4,551 "," 4,487 "," 15,898 "," 12,500 ", 919 , -   , 785 ," 9,209 ", 600 ," 2,432 "," 1,311 "," 52,692 "
92," 1,905 "," 2,812 "," 21,982 "," 2,656 ", 85 , 58 , 502 ," 2,888 ", 317 ," 5,683 ", 572 ," 39,460 "
93, 838 ," 4,105 "," 25,238 "," 16,109 ", 835 ," 6,898 "," 1,990 "," 10,060 ", -   ," 5,866 "," 1,256 "," 73,196 "
94," 2,106 "," 6,162 "," 13,804 "," 1,610 ", 876 ," 1,426 "," 3,959 "," 6,241 ", 326 , 486 ," 2,890 "," 39,887 "
95, 422 , 173 ," 8,559 "," 3,541 ", 275 , -   ," 1,238 "," 14,893 ", -   ," 1,112 ", 220 ," 30,433 "
96, 162 , 543 ," 12,318 "," 6,440 ", 467 ," 1,196 "," 1,663 "," 5,943 ", -   , 301 , -   ," 29,033 "
97, 247 ," 1,813 "," 4,436 "," 1,526 ", 726 ," 1,822 "," 1,201 "," 13,347 ", -   , 110 , 489 ," 25,717 "
98, 237 , 346 ," 6,255 "," 2,319 ", -   , 278 , 286 ," 9,314 ", 375 , 960 , 37 ," 20,408 "
99," 5,896 "," 1,494 "," 8,809 ", 991 , 509 , 202 , 203 ," 8,046 ", 371 ," 3,025 ", 617 ," 30,165 "
100," 4,663 "," 18,131 "," 35,429 "," 18,445 "," 7,515 "," 11,595 "," 3,279 "," 22,197 ", 106 ," 6,125 "," 2,622 "," 130,106 "
101, 419 , 867 ," 6,494 "," 2,758 ", 285 , 295 , 633 ," 14,167 ", -   , 475 , -   ," 26,393 "
102, 529 ," 1,387 "," 6,544 "," 4,934 ", 212 ," 1,572 ", 186 ," 9,256 ", -   ," 2,706 ", 61 ," 27,387 "
103, 300 , 566 ," 4,763 ", 120 , 123 , 648 , 388 ," 1,919 ", -   , 389 , -   ," 9,217 "
104, 84 , 192 ," 1,627 "," 2,473 ", 68 , -   , 230 ," 5,650 ", -   , 63 , -   ," 10,386 "
105, 646 ," 1,068 "," 9,448 "," 3,262 ", 957 , 459 , 105 ," 12,706 ", -   , 143 , 260 ," 29,055 "
106," 1,907 "," 7,345 "," 11,983 ", 423 ," 2,539 ", -   , -   ," 5,601 ", -   , 594 , 51 ," 30,442 "
107, 488 ," 1,335 "," 11,238 "," 11,672 ", 324 , 301 , 932 ," 14,811 ", -   , -   ," 1,187 "," 42,287 "
108, 342 ," 8,202 "," 7,731 "," 1,140 "," 1,685 ", -   , 305 ," 4,695 ", -   , 190 , 9 ," 24,297 "
109," 3,843 "," 5,010 "," 16,812 "," 23,079 "," 3,443 "," 5,076 "," 2,849 "," 100,020 ", -   ," 1,401 ", -   ," 161,532 "
110," 3,576 "," 2,671 "," 15,134 "," 13,754 "," 2,036 ", 273 ," 1,929 "," 54,051 ", -   ," 3,398 ", 582 ," 97,405 "
111," 1,316 "," 2,107 "," 8,384 "," 11,770 ", 397 , -   , 781 ," 46,675 ", -   , 898 , -   ," 72,326 "
112," 3,267 "," 1,453 "," 12,084 "," 8,618 "," 1,286 "," 1,390 ", 568 ," 27,809 ", -   , -   , -   ," 56,475 "
113," 4,387 "," 5,292 "," 13,090 "," 11,481 "," 1,313 ", -   , 55 ," 22,044 ", -   , 610 , 166 ," 58,438 "
114, 0 , 0 , 0 , 0 , 0 , 0 , 0 , 0 , 0 , 0 , 0 , -   
115," 2,644 "," 3,459 "," 7,116 "," 15,600 "," 1,347 "," 1,645 ", 934 ," 46,194 ", -   ," 1,043 ", -   ," 79,981 "
116," 2,119 "," 4,562 "," 16,720 "," 63,796 "," 6,128 "," 1,008 ", 861 ," 144,266 ", -   , 748 , -   ," 240,207 "
117," 1,823 "," 1,685 "," 9,282 "," 13,748 "," 1,346 "," 2,648 "," 2,960 "," 49,442 ", -   ," 2,267 ", -   ," 85,200 "
118, 988 , 686 ," 2,397 "," 4,067 ", 96 , 87 , 109 ," 12,707 ", -   , 751 , 16 ," 21,903 "
119," 1,827 "," 3,409 "," 11,218 "," 34,620 "," 1,778 ", 160 ," 1,034 "," 67,044 ", -   , 460 , -   ," 121,548 "
120, 0 , 0 , 0 , 0 , 0 , 0 , 0 , 0 , 0 , 0 , 0 , -   
121," 2,274 "," 1,718 "," 2,473 "," 29,377 ", -   , -   , -   ," 68,631 ", -   , -   , -   ," 104,473 "
122, -   ," 1,728 ", 860 ," 14,476 ", -   , -   , -   ," 39,743 ", -   , 445 , -   ," 57,253 "
123, -   ," 1,853 "," 1,454 "," 11,962 ", 459 , 283 ," 3,660 "," 53,220 ", -   , 883 , -   ," 73,773 "
124, 960 ," 2,179 "," 3,446 "," 31,529 "," 1,332 "," 1,278 ", 631 ," 46,152 ", -   ," 1,029 ", -   ," 88,536 "
125," 1,583 ", 376 ," 8,173 "," 17,535 ", 227 , 230 ," 2,178 "," 44,278 ", -   , 537 , -   ," 75,117 "
126, 526 ," 4,052 "," 9,610 "," 13,273 ", 746 ," 1,050 ", 850 ," 29,306 ", -   , 716 , -   ," 60,129 "
127," 2,657 "," 4,504 "," 14,694 "," 32,853 "," 1,690 "," 1,163 "," 1,457 "," 50,250 ", -   ," 2,226 ", 123 ," 111,616 "
128," 1,745 "," 3,453 "," 5,529 "," 1,895 ", 103 ," 5,305 ", 138 ," 2,082 ", -   ," 3,364 ", 108 ," 23,723 "
129," 1,846 "," 3,061 "," 13,517 "," 2,356 "," 1,700 "," 5,673 "," 1,062 "," 2,983 ", 427 ," 3,722 ", 240 ," 36,587 "
130, 33 , 154 ," 3,710 "," 1,157 ", -   , -   , 14 ," 5,722 ", -   ," 2,062 ", 109 ," 12,961 "
131," 2,586 ", 577 ," 5,366 "," 1,979 ", 424 , 391 ," 1,949 "," 1,240 ", -   ," 3,180 ", -   ," 17,691 "
132, 677 , 461 ," 4,836 ", 721 , -   ," 1,290 "," 1,277 ", -   , 531 , 526 ," 1,003 "," 11,323 "
133, 367 ," 4,256 "," 14,465 "," 17,968 ", 966 ," 4,804 "," 1,833 "," 28,546 ", -   , 900 , 615 ," 74,719 "
134, 873 ," 2,032 "," 14,301 "," 13,329 ", 828 ," 2,473 ", -   ," 29,297 ", -   , 992 , 322 ," 64,448 "
135, 487 ," 1,858 "," 12,336 "," 13,735 ", 433 ," 4,065 "," 2,185 "," 33,905 ", -   , 944 , 86 ," 70,034 "
136," 6,524 "," 1,971 "," 13,394 "," 9,232 "," 2,626 ", 566 ," 1,071 "," 30,895 ", 56 ," 1,890 "," 1,131 "," 69,358 "
137, 548 ," 1,870 "," 10,743 "," 13,534 ", 686 ," 1,420 ", 16 ," 39,377 ", -   ," 1,351 ", 853 ," 70,398 "
138," 4,532 "," 4,274 "," 7,078 "," 4,432 "," 2,628 ", -   , 228 ," 10,758 ", -   , 297 , -   ," 34,228 "
139," 1,157 "," 1,096 "," 4,321 "," 10,133 ", 471 ," 2,527 "," 2,092 "," 28,910 ", -   , 25 , -   ," 50,732 "
140, 684 ," 1,924 "," 6,486 "," 9,841 "," 1,493 "," 1,104 "," 1,105 "," 33,729 ", -   ," 1,395 ", -   ," 57,761 "
141," 2,958 "," 7,247 "," 26,254 "," 21,716 ", 961 ," 5,130 "," 1,208 "," 82,676 ", -   ," 4,844 ", -   ," 152,993 "
142," 3,412 "," 2,073 "," 6,215 "," 5,903 "," 1,421 ", 835 , 197 ," 50,631 ", -   , 74 , -   ," 70,760 "
143, 0 , 0 , 0 , 0 , 0 , 0 , 0 , 0 , 0 , 0 , 0 , -   
144, 792 ," 7,934 "," 17,729 "," 29,894 "," 11,583 "," 3,489 "," 3,583 "," 97,852 ", -   ," 4,060 ", 655 ," 177,571 "
145, -   , 319 ," 1,077 "," 5,046 ", -   , -   , 703 ," 6,090 ", -   , 47 , 76 ," 13,356 "
146, 0 , 0 , 0 , 0 , 0 , 0 , 0 , 0 , 0 , 0 , 0 , -   
147," 2,578 "," 2,066 "," 5,220 "," 5,829 ", 210 , 245 , 317 ," 28,490 ", -   , 268 , -   ," 45,223 "
148, 746 , 583 ," 6,413 "," 4,951 ", 89 ," 1,975 ", -   ," 19,759 ", -   ," 2,059 ", -   ," 36,573 "
149, -   , -   , -   , -   , -   , -   , 280 , -   , -   , -   , -   , 280 
150," 2,185 ", 616 ," 4,944 "," 9,008 ", 114 , 864 ," 1,833 "," 40,234 ", -   , 34 , 616 ," 60,448 "
151," 2,469 "," 1,674 "," 16,644 "," 6,696 "," 1,038 ", -   ," 4,076 "," 65,936 ", -   , 674 , 169 ," 99,376 "
152, 840 ," 4,563 "," 5,216 "," 7,811 "," 3,076 "," 1,044 "," 2,066 "," 33,497 ", 604 ," 2,109 ", -   ," 60,827 "
153, 812 , 630 ," 5,275 "," 2,602 "," 1,711 ", 891 ," 1,487 "," 16,841 ", -   , 217 , -   ," 30,466 "
154," 1,386 "," 3,452 "," 19,710 "," 27,056 "," 2,343 ", 921 ," 4,289 "," 35,623 ", -   ," 5,903 ", 690 ," 101,373 "
155, 945 , -   ," 4,202 "," 3,830 ", -   , -   , -   ," 26,280 ", -   , -   , 584 ," 35,841 "
156," 2,259 "," 4,789 "," 6,362 "," 21,054 "," 5,070 ", 407 , 976 ," 45,009 ", -   ," 1,437 ", 295 ," 87,656 "
157," 1,045 ", -   , 513 ," 4,775 ", 209 , -   , 235 ," 13,972 ", -   , 149 , -   ," 20,898 "
158, 97 ," 2,710 "," 5,415 "," 12,881 ", 435 , 106 , 473 ," 35,261 ", -   , 590 , 21 ," 57,988 "
159," 3,322 "," 3,577 "," 13,838 "," 16,797 "," 1,255 ", 908 ," 1,055 "," 58,960 ", -   ," 2,346 ", -   ," 102,057 "
160," 1,212 "," 1,676 "," 11,737 "," 9,236 ", 501 ," 1,476 ", 364 ," 40,876 ", -   , 341 , -   ," 67,419 "
161," 6,148 "," 6,571 "," 20,226 "," 7,239 "," 1,007 "," 4,880 ", 445 ," 43,333 ", 8 ," 1,564 ", 60 ," 91,480 "
162," 4,246 "," 6,290 "," 11,907 "," 8,537 ", 851 , -   , 604 ," 11,379 ", 224 , 234 , -   ," 44,272 "
163," 2,368 "," 4,896 "," 12,578 "," 13,655 "," 2,403 "," 3,082 "," 1,285 "," 34,759 ", -   ," 1,198 ", 631 ," 76,855 "
164," 4,113 "," 2,182 "," 8,308 "," 1,001 ", 400 ," 1,202 ", 105 ," 3,986 ", -   , -   , 216 ," 21,514 "
165," 1,686 "," 3,749 "," 5,168 "," 3,358 "," 1,627 ", 92 ," 2,017 "," 2,621 ", -   , -   , -   ," 20,317 "
166," 1,763 "," 6,700 "," 30,023 "," 17,165 "," 2,822 "," 8,336 "," 5,667 "," 31,337 ", -   ," 1,627 "," 1,988 "," 107,429 "
167," 3,715 "," 11,760 "," 33,884 "," 10,513 "," 6,087 "," 11,007 "," 2,979 "," 13,745 ", -   ," 7,281 "," 1,851 "," 102,820 "
168, 791 ," 9,615 "," 17,052 "," 7,678 "," 4,215 "," 1,310 "," 2,448 "," 24,207 ", -   ," 5,330 ", 422 ," 73,069 "
169, 928 ," 4,253 "," 18,308 "," 39,086 "," 1,250 "," 2,037 "," 4,902 "," 28,049 ", -   ," 2,671 ", 325 ," 101,809 "
170," 1,402 "," 14,472 "," 19,885 "," 20,999 "," 3,297 "," 8,160 "," 8,220 "," 34,621 ", 728 ," 2,282 "," 1,090 "," 115,155 "
171," 2,761 "," 2,108 "," 7,994 "," 13,848 ", 329 ," 1,684 "," 1,593 "," 35,647 ", -   ," 1,327 ", 469 ," 67,760 "
172, -   ," 3,419 "," 1,802 "," 14,273 ", 802 , 365 , 683 ," 20,457 ", -   ," 1,841 ", -   ," 43,642 "
173," 1,436 "," 2,461 "," 4,437 "," 4,701 ", 309 , -   , -   ," 14,709 ", -   , 746 , 200 ," 28,998 "
174, -   , 560 ," 2,825 "," 11,658 "," 1,099 ", -   , -   ," 37,004 ", -   ," 1,215 ", -   ," 54,361 "
175, -   , 99 ," 2,851 "," 2,660 ", 226 , 586 , 107 ," 17,057 ", 91 , 166 , 175 ," 24,018 "
176," 1,011 "," 2,862 "," 5,188 "," 13,770 "," 1,340 ", 252 ," 1,354 "," 25,417 ", -   , 845 , -   ," 52,039 "
177, -   ," 1,194 ", 685 ," 1,341 ", -   , 520 ," 1,373 "," 13,879 ", -   , -   , -   ," 18,992 "
178, 583 , -   , 177 ," 7,995 ", -   , -   , -   , -   , -   , -   , -   ," 8,754 "
179, 0 , 0 , 0 , 0 , 0 , 0 , 0 , 0 , 0 , 0 , 0 , -   
180," 4,356 "," 2,172 "," 4,544 "," 19,577 "," 2,151 "," 1,799 ", 562 ," 64,584 ", -   , 850 , 456 ," 101,051 "
181," 1,275 "," 4,551 "," 7,842 "," 15,282 "," 1,530 "," 2,257 "," 1,264 "," 36,004 ", -   ," 1,273 ", -   ," 71,280 "
182," 1,569 "," 3,789 "," 3,966 "," 13,872 ", 662 , 812 , 382 ," 44,393 ", -   ," 1,422 ", 612 ," 71,478 "
183, -   , 417 ," 5,839 "," 7,213 ", -   ," 1,001 ", 649 ," 41,920 ", -   , -   , -   ," 57,038 "
184, 186 ," 1,866 "," 2,525 "," 4,436 ", -   , -   , 25 ," 20,693 ", -   , -   , -   ," 29,730 "
185, 268 ," 2,147 "," 1,565 "," 14,357 ", 927 , 77 , -   ," 22,795 ", -   , 155 , -   ," 42,291 "
186, -   , 83 ," 2,061 "," 2,477 ", 437 , 123 , 651 ," 9,663 ", -   ," 1,323 ", -   ," 16,818 "
187, -   , 568 ," 4,581 "," 16,907 ", 889 , 353 , 33 ," 51,983 ", -   , -   , -   ," 75,314 "
188, 258 , 587 ," 6,706 "," 31,853 "," 1,022 "," 1,255 ", 355 ," 30,581 ", -   , 791 , 97 ," 73,505 "
189," 1,686 "," 1,371 "," 8,182 "," 15,638 ", 364 ," 1,794 "," 3,845 "," 41,546 ", -   , 206 , 469 ," 75,102 "
190," 1,795 "," 4,833 "," 14,008 "," 7,026 "," 1,272 "," 4,140 "," 3,322 "," 26,270 ", -   ," 2,454 ", 246 ," 65,366 "
191, 418 ," 3,381 "," 11,971 "," 7,965 ", 270 , -   ," 5,294 ", -   , 791 ," 4,918 ", -   ," 35,008 "
192, 133 ," 1,497 "," 5,783 "," 8,100 ", 585 , 153 , 537 ," 31,059 ", -   ," 1,985 ", 944 ," 50,777 "
193, 596 , 113 ," 3,337 "," 1,550 "," 2,006 ", 221 , 500 ," 15,552 ", -   , 592 , -   ," 24,468 "
194, -   ," 2,388 "," 2,524 "," 6,991 ", 213 , -   , 150 ," 18,600 ", -   , 599 , -   ," 31,466 "
195, 930 ," 4,486 "," 5,263 "," 8,590 "," 1,229 ", 472 , -   ," 33,963 ", -   ," 1,001 ", -   ," 55,934 "
196, 550 ," 1,369 "," 3,047 "," 15,396 "," 1,055 ", -   , 85 ," 34,319 ", -   , 183 , -   ," 56,003 "
197, 872 ," 2,845 "," 6,176 "," 14,627 ", 494 , 154 , 444 ," 16,350 ", -   ," 1,915 ", 237 ," 44,114 "
198," 1,464 "," 4,047 "," 22,039 "," 9,171 "," 5,330 "," 9,885 "," 2,748 "," 27,828 ", 128 ," 4,433 ", 447 ," 87,519 "
199, 872 ," 1,850 "," 7,436 "," 40,624 "," 1,453 ", 89 , 189 ," 83,394 ", -   ," 1,118 ", -   ," 137,025 "
200, 417 , -   ," 2,386 "," 9,194 ", 437 , 329 , -   ," 35,275 ", -   , -   , 171 ," 48,208 "
201, -   ," 1,794 "," 6,999 "," 34,342 ", 347 , 872 ," 4,869 "," 53,801 ", 849 ," 2,494 ", -   ," 106,367 "
202, 712 ," 3,629 "," 6,521 "," 29,353 "," 3,107 "," 1,585 "," 1,496 "," 79,695 ", -   , 528 , -   ," 126,625 "
203, -   , 499 ," 4,169 "," 21,440 ", -   ," 1,023 ", -   ," 52,460 ", -   , -   , 211 ," 79,801 "
204," 1,685 "," 8,129 "," 13,539 "," 26,833 "," 3,430 ", 935 ," 1,298 "," 83,095 ", -   ," 1,429 ", 416 ," 140,788 "
205, 32 ," 5,013 "," 10,177 "," 33,497 ", -   , -   ," 1,056 "," 79,955 ", -   , 251 , -   ," 129,981 "
206, 997 ," 4,593 "," 11,559 "," 12,538 "," 1,345 ", 111 ," 1,369 "," 37,577 ", -   ," 2,690 ", 121 ," 72,900 "
207, 612 ," 2,987 "," 7,878 "," 49,508 "," 4,966 "," 2,169 ", 673 ," 76,788 ", -   , 557 , -   ," 146,138 "
208," 4,851 "," 5,689 "," 22,184 "," 7,934 ", 376 ," 1,402 ", 807 ," 34,830 ", 330 ," 2,291 ", 86 ," 80,778 "
209," 3,513 "," 5,068 "," 7,719 "," 9,572 "," 1,630 "," 1,281 ", 940 ," 38,564 ", -   , 560 , 141 ," 68,988 "
210," 2,060 "," 9,258 "," 12,069 "," 13,347 "," 2,302 "," 2,182 "," 1,418 "," 19,503 ", -   ," 1,171 ", -   ," 63,310 "
211," 1,401 "," 4,304 "," 12,080 "," 7,139 ", 157 , 418 , 197 ," 43,345 ", -   ," 2,263 ", -   ," 71,303 "
212, 880 ," 4,001 "," 5,977 "," 11,292 ", 602 , -   , 176 ," 32,458 ", -   , 206 , -   ," 55,592 "
213," 4,161 "," 6,727 "," 11,462 "," 9,343 "," 1,188 ", 271 , 41 ," 40,405 ", -   ," 1,158 ", 216 ," 74,972 "
214," 2,168 "," 2,377 "," 7,243 "," 8,480 ", -   , 87 , 435 ," 15,682 ", 250 ," 1,589 ", -   ," 38,312 "
215, 783 ," 2,772 "," 13,297 "," 7,990 ", 420 ," 2,113 ", 693 ," 29,434 ", -   ," 1,526 ", 655 ," 59,683 "
216," 1,529 "," 1,527 "," 5,894 "," 15,034 ", 807 , 504 , -   ," 32,454 ", -   ," 3,836 ", 329 ," 61,915 "
217, 622 ," 1,637 "," 3,212 "," 12,006 ", 141 , 532 , 78 ," 14,777 ", -   , 348 , -   ," 33,353 "
218," 1,564 "," 7,830 "," 6,528 "," 20,368 "," 5,019 ", 545 ," 2,361 "," 59,687 ", -   ," 4,028 ", 422 ," 108,352 "
219," 2,332 "," 1,313 "," 5,232 "," 15,056 ", 697 , -   , 554 ," 43,179 ", -   , 534 , 304 ," 69,201 "
220," 1,805 "," 1,783 "," 3,435 "," 5,786 ", 476 , 878 , -   ," 33,547 ", -   ," 2,188 ", -   ," 49,898 "
221," 3,109 "," 10,092 "," 6,034 "," 11,680 "," 5,418 "," 1,283 ", 882 ," 32,156 ", -   ," 2,653 ", -   ," 73,307 "
222," 1,015 "," 2,132 "," 5,598 "," 12,273 ", -   ," 2,668 "," 2,889 "," 42,187 ", -   ," 2,042 ", 835 ," 71,639 "
223, 574 ," 1,024 "," 7,639 "," 3,571 "," 3,727 ", 155 , 531 ," 25,883 ", -   ," 2,862 ", 736 ," 46,703 "
224, 275 , -   ," 1,470 "," 4,634 ", -   , -   ," 1,067 ", -   , -   , -   , -   ," 7,445 "
225," 2,862 "," 4,538 "," 7,600 "," 9,702 ", 891 , -   , 759 ," 33,547 ", -   , 577 , 406 ," 60,883 "
226," 1,048 "," 1,574 "," 9,064 "," 26,654 "," 1,780 "," 1,423 ", -   ," 69,136 ", -   ," 3,092 ", -   ," 113,772 "
227," 1,360 "," 4,201 "," 14,866 "," 14,885 "," 2,189 "," 1,147 ", 522 ," 54,782 ", -   ," 3,541 ", -   ," 97,492 "
228, 371 , -   ," 3,155 "," 13,643 ", 87 , -   , 359 ," 42,250 ", -   ," 3,709 ", 689 ," 64,263 "
229," 2,336 "," 2,899 "," 13,995 "," 57,447 "," 1,397 "," 3,610 "," 3,260 "," 120,768 ", -   ," 3,780 ", 341 ," 209,833 "
230, 579 ," 3,959 "," 5,067 "," 25,619 ", -   ," 3,018 "," 1,201 "," 54,811 ", -   ," 1,527 ", -   ," 95,781 "
231," 1,165 "," 1,967 "," 2,840 "," 5,384 "," 3,512 ", 292 , -   ," 32,779 ", -   , 709 , 131 ," 48,778 "
232," 1,018 ", -   ," 3,748 "," 20,466 ", 739 , 514 ," 1,825 "," 39,763 ", -   , -   , 369 ," 68,443 "
233, 633 ," 4,567 "," 6,506 "," 16,265 "," 1,154 ", 855 , -   ," 49,045 ", -   ," 2,950 ", -   ," 81,975 "
234, 320 , 592 ," 4,720 "," 16,956 "," 1,447 ", 545 , 628 ," 56,368 ", -   , 428 , -   ," 82,004 "
235," 2,809 "," 2,589 "," 7,588 "," 22,641 ", 278 , 602 ," 1,188 "," 48,569 ", -   , 64 , 25 ," 86,354 "
236," 2,542 "," 1,351 "," 8,786 "," 7,332 "," 1,315 "," 1,555 ", 152 ," 9,460 ", -   , 653 , 823 ," 33,969 "
237," 1,762 "," 9,063 "," 6,129 "," 3,117 "," 3,257 "," 2,044 "," 2,485 "," 9,013 ", 325 ," 2,351 "," 1,200 "," 40,746 "
238," 4,255 "," 1,290 "," 7,662 "," 2,819 ", 95 , 85 , 778 ," 14,092 ", -   , 762 , 526 ," 32,363 "
239, 635 ," 1,774 "," 16,487 "," 15,368 ", 870 ," 3,629 "," 1,485 "," 15,694 ", -   ," 1,813 "," 2,791 "," 60,546 "
240," 1,417 "," 2,235 "," 9,470 "," 3,539 ", 661 ," 2,298 "," 2,628 "," 18,505 ", -   , 591 , -   ," 41,343 "
241," 4,712 "," 4,159 "," 5,783 "," 1,507 "," 1,851 ", 790 , 886 ," 11,952 ", -   , 272 , -   ," 31,912 "
242," 4,235 "," 2,319 "," 5,300 "," 2,364 ", 419 ," 2,210 "," 1,811 "," 27,146 ", -   , 423 ," 1,644 "," 47,870 "
243," 7,292 "," 6,521 "," 17,355 "," 24,340 "," 2,224 ", 389 ," 1,639 "," 35,652 ", 548 ," 3,166 ", 870 ," 99,996 "
244, 189 ," 7,188 "," 7,386 "," 6,667 ", 806 ," 1,860 ", 648 ," 62,730 ", 189 ," 1,198 ", 730 ," 89,593 "
245, 701 , 766 ," 1,366 "," 3,999 "," 1,023 ", 497 , -   ," 17,535 ", -   , 37 , -   ," 25,924 "
246, 773 , 798 ," 2,672 "," 11,309 ", -   , 590 , -   ," 26,370 ", -   , 575 , 131 ," 43,218 "
247, 361 ," 4,785 "," 12,001 "," 17,985 "," 1,876 "," 1,575 "," 1,492 "," 64,466 ", -   , 801 , 235 ," 105,577 "
248, -   , -   ," 1,053 ", -   , -   , -   , 227 , -   , -   , -   , 215 ," 1,495 "
249," 2,155 "," 4,211 ", 943 ," 8,767 "," 1,503 ", 273 , 427 ," 32,999 ", -   , 517 ," 1,543 "," 53,338 "
250, 286 ," 3,798 "," 9,603 "," 2,462 "," 5,206 ", 323 ," 3,052 "," 17,409 ", -   ," 3,215 ", 205 ," 45,559 "
251, 236 ," 2,147 "," 4,103 "," 3,185 "," 1,471 ", 303 ," 1,209 "," 18,940 ", -   , 85 , -   ," 31,679 "
252, 389 , 776 ," 2,988 "," 6,073 "," 1,745 ", 533 , 416 ," 21,165 ", -   , 464 , 37 ," 34,586 "
253," 1,502 "," 2,425 "," 2,376 ", 81 ," 1,047 ", 948 , -   ," 4,425 ", -   , 272 , -   ," 13,076 "
254, 898 ," 8,220 "," 20,712 "," 27,985 "," 1,991 "," 2,035 "," 3,184 "," 34,475 ", -   ," 3,562 ", -   ," 103,063 "
255," 3,794 "," 4,773 "," 8,123 "," 17,065 "," 2,340 ", 837 ," 1,690 "," 50,256 ", -   ," 2,536 ", -   ," 91,414 "
256," 2,933 ", 277 ," 3,814 "," 6,966 "," 1,190 "," 1,459 ", 529 ," 30,214 ", 307 , 690 , -   ," 48,380 "
257," 3,746 "," 1,670 "," 2,414 "," 7,547 ", 756 , -   , 331 ," 34,633 ", -   , 491 , -   ," 51,588 "
258," 4,303 ", 809 ," 4,749 "," 15,635 ", 200 , 422 , 569 ," 52,285 ", -   ," 2,868 ", 236 ," 82,076 "
259, -   ," 1,559 "," 1,228 "," 4,063 ", -   , -   , -   ," 28,134 ", -   , 528 , -   ," 35,513 "
260, 237 , 709 ," 3,443 "," 8,459 ", 839 , 863 ," 2,192 "," 47,012 ", -   , 417 , -   ," 64,171 "
261," 2,078 "," 5,366 "," 8,840 "," 14,397 "," 1,574 "," 1,876 "," 3,992 "," 45,253 ", 568 , 670 , -   ," 84,614 "
262," 3,795 ", 968 ," 3,054 "," 11,491 ", 632 , 894 ," 2,017 "," 49,856 ", -   , 987 , -   ," 73,694 "
263," 5,238 "," 3,952 "," 8,393 "," 22,332 "," 1,589 "," 1,364 "," 2,609 "," 48,649 ", -   , 444 , -   ," 94,571 "
264," 6,071 "," 7,318 "," 14,814 "," 16,305 "," 3,634 ", 654 ," 1,728 "," 54,818 ", -   ," 8,543 "," 1,591 "," 115,475 "
265," 3,264 "," 4,221 "," 9,008 "," 15,719 "," 1,824 "," 2,349 "," 1,014 "," 39,576 ", -   ," 2,614 "," 1,730 "," 81,318 "
266, 314 , 625 ," 2,147 "," 5,988 ", 121 , 52 , -   ," 17,848 ", -   , -   , -   ," 27,093 "
267," 4,305 "," 5,201 "," 7,164 "," 10,855 ", 275 , 530 ," 4,554 "," 22,637 ", 989 ," 1,011 ", 320 ," 57,842 "
268," 1,227 "," 1,828 "," 5,905 "," 4,594 "," 1,725 ", 787 , -   ," 11,517 ", -   , 637 , 370 ," 28,591 "
269," 1,845 "," 2,116 "," 15,656 "," 3,850 "," 4,080 ", 154 ," 1,648 "," 27,538 ", -   , 511 , 477 ," 57,874 "
270," 1,676 "," 1,603 "," 6,690 "," 2,468 "," 1,077 ", 559 ," 1,644 "," 7,530 ", 251 , 316 , 520 ," 24,334 "
271, 525 , 656 ," 12,071 ", -   , -   , -   , 911 , -   , -   ," 1,103 ", -   ," 15,265 "
272, 843 , 905 ," 11,593 "," 6,378 ", 53 , 374 , 634 ," 19,201 ", -   , 413 , 103 ," 40,497 "
273," 2,962 "," 5,888 "," 7,843 "," 13,814 ", 626 ," 1,802 ", 478 ," 54,518 ", -   , 727 , 182 ," 88,840 "
274," 2,007 "," 2,956 "," 34,734 "," 14,866 "," 4,717 "," 2,350 "," 2,203 "," 28,694 ", 126 ," 5,283 ", 751 ," 98,688 "
275, 694 ," 2,557 "," 11,997 "," 16,522 ", 165 ," 3,349 "," 4,725 "," 32,063 ", -   ," 3,816 ", 426 ," 76,315 "
276," 2,769 "," 4,869 "," 7,441 "," 20,217 "," 1,026 ", 319 ," 3,049 "," 99,032 ", -   ," 2,108 ", 604 ," 141,434 "
277, 379 ," 2,261 "," 10,589 "," 11,134 ", 643 , -   ," 1,265 "," 38,560 ", -   ," 5,711 ", -   ," 70,542 "
278," 1,287 "," 4,689 "," 10,819 "," 33,458 "," 2,856 ", 736 ," 3,482 "," 114,218 ", -   ," 7,414 ", 320 ," 179,280 "
279, 146 ," 1,810 "," 1,483 "," 11,841 ", 561 ," 1,216 "," 1,356 "," 58,307 ", -   , 946 , -   ," 77,666 "
280," 5,313 "," 2,928 "," 16,113 "," 12,460 "," 1,391 "," 1,294 "," 1,382 "," 16,140 ", 123 , 820 , 164 ," 58,127 "
281, 470 ," 6,461 "," 8,451 "," 9,333 "," 3,450 "," 2,679 "," 1,160 "," 27,072 ", -   , 441 , 753 ," 60,270 "
282, 906 ," 5,824 "," 8,568 "," 7,724 "," 1,359 ", 230 ," 3,758 "," 27,448 ", -   ," 1,531 ", -   ," 57,349 "
283," 2,365 ", 779 ," 2,374 "," 2,077 ", -   , 692 , 171 ," 12,819 ", -   , 559 , 861 ," 22,697 "
284," 1,130 ", 800 ," 5,984 "," 20,749 ", 441 ," 1,099 ", -   ," 36,831 ", -   ," 1,334 ", 143 ," 68,510 "
285," 1,339 "," 1,039 "," 4,084 "," 12,204 ", 650 ," 1,006 ", 122 ," 75,015 ", -   ," 1,878 ", -   ," 97,335 "
286," 5,233 "," 6,419 "," 10,560 "," 7,082 "," 1,482 ", 142 , 372 ," 9,316 ", -   ," 1,213 ", -   ," 41,819 "
287," 3,858 "," 5,729 "," 12,167 "," 6,131 "," 2,781 ", 428 ," 1,037 "," 23,970 ", -   , 691 , 630 ," 57,421 "
288, 147 , 125 ," 8,812 "," 28,282 ", 21 ," 1,063 ", 447 ," 12,808 ", -   ," 1,641 ", 486 ," 53,832 "
289," 1,709 "," 2,210 "," 12,525 "," 20,859 "," 5,024 "," 3,660 ", 347 ," 38,339 ", -   , 815 , 267 ," 85,755 "
290, 389 ," 1,117 "," 8,131 "," 12,492 ", -   , 501 , 509 ," 44,845 ", -   , 147 , -   ," 68,133 "
291, -   ," 1,799 "," 6,850 "," 15,343 "," 2,952 "," 1,957 "," 2,705 "," 51,839 ", -   ," 3,312 ", -   ," 86,757 "
292, -   , -   ," 8,213 "," 23,348 ", -   , -   , 913 ," 53,301 ", 793 , 75 , -   ," 86,643 "
293, -   ," 1,083 "," 9,866 "," 14,106 "," 1,235 ", 699 ," 2,288 "," 43,971 ", 37 ," 1,406 ", -   ," 74,690 "
294, -   ," 3,131 "," 5,217 "," 30,692 "," 3,828 ", -   , 295 ," 61,535 ", -   , 735 , -   ," 105,433 "
295, 606 ," 1,448 "," 12,297 "," 36,448 ", -   , -   , 292 ," 87,270 ", -   ," 1,304 ", -   ," 139,666 "
296, 59 , -   , 699 ," 1,635 ", -   , -   , 292 ," 5,375 ", -   , -   , -   ," 8,059 "
297, -   , 624 ," 1,455 ", 784 , -   , -   , 55 ," 3,469 ", -   ," 1,087 ", -   ," 7,475 "
298," 1,172 "," 7,338 "," 17,635 "," 58,909 "," 2,884 "," 2,033 ", 121 ," 114,100 "," 1,018 "," 2,047 ", 142 ," 207,398 "
299, 82 , -   , 540 , 707 , 212 , -   , 34 ," 7,311 ", -   , -   , -   ," 8,887 "
300, -   , -   , 102 , 10 , -   , -   , -   , -   , -   , -   , -   , 112 
301," 10,258 "," 16,687 "," 79,264 "," 25,598 "," 2,873 "," 2,780 "," 5,651 "," 24,092 ", 544 ," 2,554 "," 4,369 "," 174,670 "
302," 1,246 "," 4,596 "," 21,078 "," 1,981 ", 429 ," 4,962 "," 1,317 "," 10,691 ", -   ," 3,695 ", 169 ," 50,164 "
303, 560 ," 8,892 "," 18,142 "," 15,395 "," 6,224 "," 8,086 "," 3,006 "," 14,754 ", -   ," 2,962 "," 1,102 "," 79,124 "
304," 2,190 "," 2,719 "," 19,263 "," 11,777 "," 1,411 ", 862 ," 1,477 "," 10,157 ", 619 ," 2,902 ", 303 ," 53,679 "
305," 1,429 "," 3,647 "," 15,902 "," 29,288 ", 957 ," 4,832 ", 454 ," 67,567 ", -   ," 2,507 ", -   ," 126,583 "
306," 2,752 "," 6,058 "," 8,592 "," 34,775 "," 2,804 "," 2,101 "," 1,888 "," 104,143 ", -   ," 1,975 ", 576 ," 165,663 "
307," 2,166 "," 2,540 "," 4,168 "," 9,451 ", 176 , 438 , 477 ," 58,689 ", -   ," 1,215 ", 293 ," 79,613 "
308, 381 ," 5,555 "," 9,810 "," 24,531 ", -   ," 1,991 "," 1,100 "," 89,213 ", -   , 996 , -   ," 133,579 "
309, -   , 392 ," 2,796 "," 20,049 ", 517 , 445 , -   ," 41,999 ", -   ," 1,354 ", -   ," 67,553 "
310, 337 , 883 ," 2,065 "," 15,492 ", 880 , 85 , 185 ," 46,834 ", -   , 631 , -   ," 67,391 "
311, -   ," 1,672 "," 4,044 "," 6,448 ", 186 ," 1,120 ", 102 ," 18,915 ", -   , 181 , -   ," 32,667 "
312," 1,365 "," 2,635 "," 13,538 "," 25,652 "," 1,450 "," 4,180 "," 3,463 "," 64,701 ", -   ," 1,191 ", -   ," 118,176 "
313, 679 ," 4,751 "," 6,914 "," 28,283 "," 2,488 ", 229 ," 4,397 "," 32,431 ", 159 ," 2,577 ", 624 ," 83,532 "
314, -   ," 3,061 "," 2,531 "," 5,460 "," 1,695 "," 1,671 ", 47 ," 19,811 ", -   , 761 , 272 ," 35,309 "
315, -   ," 1,127 "," 10,301 "," 32,674 "," 1,015 "," 2,247 ", 233 ," 69,869 ", -   ," 2,076 ", -   ," 119,543 "
316, 845 ," 2,412 "," 11,688 "," 24,941 ", 437 ," 1,776 ", 357 ," 92,422 ", -   ," 1,721 ", -   ," 136,600 "
317," 1,104 "," 2,932 "," 18,892 "," 2,232 ", 631 ," 2,506 ", 760 ," 10,463 ", -   ," 1,397 ", 136 ," 41,055 "
318, 877 , 655 ," 7,290 "," 1,098 ", 160 ," 2,603 ", 341 ," 2,410 ", -   , 611 , -   ," 16,045 "
319," 1,031 "," 2,658 "," 14,055 "," 2,625 "," 1,304 ", 303 ," 3,103 "," 18,096 ", -   , 799 , 165 ," 44,140 "
320, 30 ," 2,612 "," 16,785 "," 8,879 ", 571 ," 2,128 ", 863 ," 8,009 ", -   , 69 , 213 ," 40,160 "
321," 1,012 "," 4,284 "," 6,391 "," 17,673 ", 368 ," 1,744 "," 2,998 "," 75,438 ", -   ," 1,212 ", 206 ," 111,326 "
322," 1,785 "," 4,212 "," 16,692 "," 13,832 "," 2,968 ", 806 , 518 ," 40,310 ", -   ," 1,267 ", 813 ," 83,204 "
323," 2,459 "," 4,050 "," 10,900 "," 13,974 "," 1,096 ", 473 ," 2,994 "," 49,381 ", -   , 661 , -   ," 85,989 "
324, 797 ," 2,035 "," 5,783 "," 16,313 "," 1,336 ", 642 ," 1,061 "," 68,467 ", -   ," 1,963 ", -   ," 98,397 "
325, 422 ," 1,924 "," 8,377 "," 23,423 "," 1,032 "," 1,247 "," 4,478 "," 49,241 ", -   ," 1,588 ", 353 ," 92,086 "
326, 69 ," 3,387 "," 8,090 "," 22,340 "," 1,377 "," 3,761 ", 576 ," 37,377 ", -   ," 2,692 ", -   ," 79,667 "
327, -   , 142 ," 3,559 "," 14,283 ", 797 ," 1,567 "," 2,485 "," 50,537 ", -   ," 1,718 ", -   ," 75,087 "
328, 105 ," 2,168 "," 6,961 "," 1,076 ", 551 , -   , 152 ," 21,839 ", -   , 88 , 57 ," 32,997 "
329, 158 , -   ," 5,343 "," 5,458 ", 301 , 384 , 886 ," 16,196 ", -   , 57 , -   ," 28,781 "
330," 2,251 "," 3,712 "," 11,682 "," 11,795 "," 1,351 ", 235 , 902 ," 22,995 ", -   ," 1,970 ", 651 ," 57,544 "
331, 911 ," 2,668 "," 5,069 "," 5,618 ", 114 , -   ," 1,014 "," 23,630 ", 41 , 989 , 161 ," 40,214 "
332, 788 ," 4,849 "," 4,796 "," 7,924 "," 1,513 ", 354 , -   ," 37,946 ", -   , 102 , -   ," 58,272 "
333," 2,367 "," 1,872 "," 4,348 "," 10,841 ", 478 , -   , -   ," 26,311 ", -   ," 1,403 ", 220 ," 47,840 "
334," 1,235 "," 1,459 "," 2,533 "," 4,454 ", 303 , 765 , 547 ," 19,409 ", -   , 226 , -   ," 30,931 "
335, 939 ," 1,233 "," 4,113 "," 7,615 "," 2,042 ", 575 , 550 ," 30,518 ", -   ," 2,267 ", -   ," 49,852 "
336, 278 , -   ," 5,571 "," 4,965 ", 514 , 299 , 102 ," 38,046 ", -   , 213 , -   ," 49,988 "
337, -   , 662 ," 8,628 "," 13,160 ", 466 , 542 ," 1,048 "," 45,624 ", -   ," 2,605 ", -   ," 72,734 "
338, 103 ," 1,265 "," 5,431 "," 11,196 ", 764 , -   , 36 ," 17,469 ", -   ," 1,037 ", 188 ," 37,487 "
339," 2,060 "," 4,584 "," 9,908 "," 5,750 ", 624 , 352 , 242 ," 28,904 ", -   , 863 , -   ," 53,288 "
340, 16 ," 1,115 "," 27,904 "," 33,300 ", 4 ," 1,582 "," 1,001 ", -   , -   ," 1,952 ", 931 ," 67,805 "
341," 1,122 "," 5,890 "," 10,129 "," 3,252 "," 2,032 "," 1,320 ", 658 ," 4,832 ", -   ," 2,816 ", 268 ," 32,318 "
342," 1,008 "," 1,810 "," 1,774 "," 6,558 ", 594 , 201 , 726 ," 10,021 ", -   , 608 , 120 ," 23,420 "
343," 1,124 ", 833 ," 10,684 "," 11,690 "," 2,005 "," 2,346 ", 575 ," 19,525 ", -   ," 1,408 ", 303 ," 50,492 "
344, 31 , -   ," 1,458 ", 112 , -   , -   , -   ," 4,349 ", -   , -   , -   ," 5,950 "
345," 3,254 "," 2,556 "," 17,405 "," 20,239 ", 482 , 812 ," 1,895 "," 44,016 ", -   , 18 , 426 ," 91,101 "
346," 1,956 "," 1,677 "," 4,881 "," 5,020 ", 240 , -   , -   ," 28,962 ", -   , -   , -   ," 42,735 "
347, -   , -   , 338 ," 1,093 ", -   , -   , -   , -   , -   , -   , -   ," 1,431 "
348," 12,907 "," 10,624 "," 19,916 "," 29,575 "," 1,626 "," 1,783 "," 1,465 "," 73,374 ", -   ," 2,496 ", 855 ," 154,621 "
349," 5,433 "," 6,349 "," 2,890 "," 2,317 ", -   , -   , -   ," 7,352 ", -   , 98 , -   ," 24,440 "
350, -   , -   , -   , 997 , -   , -   , -   , -   , -   , -   , -   , 997 
351," 4,302 "," 6,411 "," 8,327 "," 22,008 ", 279 ," 1,365 ", 949 ," 47,334 ", -   ," 1,106 ", 613 ," 92,695 "
352," 1,178 "," 2,956 "," 7,562 "," 18,417 ", 331 ," 2,149 ", 901 ," 54,216 ", -   , 759 , -   ," 88,468 "
353, -   , -   ," 1,449 "," 1,037 ", -   , -   ," 1,105 ", -   , -   , -   , -   ," 3,591 "
354, 0 , 0 , 0 , 0 , 0 , 0 , 0 , 0 , 0 , 0 , 0 , -   
355, 0 , 0 , 0 , 0 , 0 , 0 , 0 , 0 , 0 , 0 , 0 , -   
356, 184 ," 4,245 "," 6,593 "," 21,588 ", 967 , 389 ," 2,006 "," 49,210 ", -   ," 3,133 ", -   ," 88,314 "
357," 1,582 ", 747 ," 5,964 "," 28,318 ", -   , 983 , 799 ," 64,478 ", -   ," 1,406 ", -   ," 104,276 "
358, -   , -   , 127 , -   , -   , -   , -   ," 4,282 ", -   ," 1,102 ", -   ," 5,511 "
359," 2,852 "," 6,876 "," 12,583 "," 25,687 "," 1,509 "," 1,278 ", 98 ," 40,819 ", -   ," 1,334 ", -   ," 93,036 "
360, 480 , -   ," 1,317 "," 2,958 ", 106 , 93 , 649 ," 15,922 ", -   , -   , -   ," 21,524 "
361," 2,596 "," 1,236 "," 4,691 "," 8,861 "," 1,390 ", 405 , 387 ," 21,269 ", -   , -   , -   ," 40,835 "
362," 3,454 ", -   ," 1,002 "," 2,075 ", 184 , -   , 666 ," 14,758 ", -   , -   , -   ," 22,139 "
363," 1,039 "," 13,176 "," 22,836 "," 22,216 "," 1,618 "," 7,442 "," 2,158 "," 15,831 ", -   ," 2,234 ", -   ," 88,550 "
364, 995 ," 9,751 "," 20,811 "," 26,924 "," 2,906 "," 3,705 ", 25 ," 32,109 ", -   ," 4,594 ", 122 ," 101,942 "
365," 20,990 "," 1,602 "," 9,735 "," 3,038 ", -   , -   , -   ," 7,018 ", -   , -   , -   ," 42,384 "
366," 3,958 "," 1,791 "," 6,521 ", 409 , -   , -   , 39 ," 8,105 ", -   , 780 , -   ," 21,603 "
367," 12,179 "," 10,876 "," 13,684 "," 8,588 "," 5,034 ", 509 ," 1,768 "," 30,395 ", -   , 622 , -   ," 83,655 "
368," 1,386 ", 664 ," 7,630 "," 11,857 ", 342 ," 1,531 "," 1,042 "," 28,116 ", -   , 923 , 70 ," 53,560 "
369," 7,070 "," 3,474 "," 7,214 "," 15,209 ", 246 ," 4,754 "," 1,693 "," 42,117 ", -   ," 1,408 ", -   ," 83,184 "
370," 2,868 "," 4,305 "," 6,355 "," 22,185 "," 1,443 "," 1,132 ", 959 ," 47,492 ", -   ," 3,040 ", -   ," 89,778 "
371," 2,938 "," 11,837 "," 15,702 "," 23,286 "," 4,593 ", 377 , -   ," 75,697 ", -   ," 1,618 "," 1,020 "," 137,068 "
372, 326 ," 1,484 "," 1,275 "," 17,199 "," 2,290 ", -   ," 1,695 "," 55,728 ", -   , 258 , -   ," 80,255 "
373," 1,768 "," 5,083 "," 7,753 "," 13,236 ", 167 ," 1,510 ", 587 ," 28,289 ", -   , 79 , -   ," 58,473 "
374," 1,193 "," 10,105 "," 13,247 "," 22,883 "," 6,231 ", -   , -   ," 28,006 ", -   , 808 , -   ," 82,473 "
375," 2,310 ", 350 ," 28,658 ", -   , 454 , -   , 91 , -   , 115 ," 1,437 ", -   ," 33,416 "
376," 15,132 "," 2,945 "," 12,561 "," 20,358 "," 1,452 "," 5,389 ", -   ," 66,945 ", -   ," 2,502 ", 207 ," 127,493 "
377," 14,139 ", 949 ," 8,027 "," 20,994 ", -   , 815 , 283 ," 35,379 ", -   ," 1,266 ", -   ," 81,852 "
378," 15,118 "," 5,748 "," 24,498 "," 51,507 "," 5,082 "," 3,238 "," 3,838 "," 131,216 ", 519 ," 4,162 ", 158 ," 245,084 "
379," 13,886 "," 6,137 "," 15,892 "," 33,532 "," 1,935 "," 2,015 ", 507 ," 72,795 ", -   , 627 , -   ," 147,327 "
380, 940 , 595 ," 5,324 "," 10,662 "," 2,824 "," 1,279 ", 270 ," 48,043 ", -   , -   , -   ," 69,936 "
381," 1,685 "," 2,646 "," 3,517 "," 20,218 "," 2,709 ", 797 , 229 ," 89,261 ", -   ," 2,421 ", -   ," 123,483 "
382, 0 , 0 , 0 , 0 , 0 , 0 , 0 , 0 , 0 , 0 , 0 , -   
383," 1,132 "," 1,722 "," 5,301 "," 19,298 "," 3,275 "," 4,444 "," 1,325 "," 78,487 ", -   , 554 , 484 ," 116,020 "
384," 1,016 "," 2,228 "," 9,108 "," 22,639 "," 1,102 ", 614 , 360 ," 74,153 ", -   ," 4,567 ", -   ," 115,787 "
385, 487 , 589 ," 1,112 "," 9,148 ", 287 , -   , 232 ," 16,363 ", -   , -   , -   ," 28,218 "
386, 0 , 0 , 0 , 0 , 0 , 0 , 0 , 0 , 0 , 0 , 0 , -   
387," 2,814 ", 192 ," 1,927 ", 872 , -   , -   , 53 ," 3,565 ", -   , -   , -   ," 9,422 "
388," 15,956 "," 5,548 "," 18,550 "," 22,822 "," 4,027 "," 3,562 ", 296 ," 66,467 ", -   , 627 , 52 ," 137,907 "
389," 1,358 "," 1,749 "," 1,905 ", 593 , 156 , -   , -   ," 5,710 ", -   , -   , -   ," 11,471 "
390," 3,953 "," 1,485 "," 9,617 "," 16,829 "," 1,941 "," 1,919 ", 609 ," 36,829 ", 111 , 481 , -   ," 73,776 "
391, 463 , 151 ," 1,296 ", 210 , 309 , 160 , 81 ," 7,276 ", -   , -   , -   ," 9,947 "
392, -   , 220 , -   , -   , -   , -   , -   , -   , -   , -   , -   , 220 
393, 367 , -   , 265 , -   , -   , -   , -   , -   , -   , -   , -   , 632 
394," 2,888 "," 4,893 "," 9,401 "," 37,425 "," 3,676 "," 5,440 "," 2,092 "," 81,794 ", -   ," 2,948 ", 33 ," 150,590 "
395, -   , 412 , -   , -   , -   , -   , -   , -   , -   , -   , -   , 412 
396," 4,491 "," 4,355 "," 10,374 "," 28,311 "," 2,319 ", -   ," 1,823 "," 90,389 ", -   ," 2,902 ", 548 ," 145,511 "
397, 513 , 750 ," 2,423 "," 7,442 ", -   , -   , -   ," 22,257 ", -   , -   , 84 ," 33,470 "
398," 9,872 "," 13,930 "," 18,575 "," 29,507 "," 3,750 ", 455 ," 2,569 "," 88,683 ", -   ," 6,380 "," 2,219 "," 175,940 "
399," 5,053 "," 6,389 "," 14,806 "," 32,621 "," 3,353 "," 1,673 "," 4,890 "," 90,340 ", -   ," 4,350 ", -   ," 163,476 "
400," 5,600 "," 3,662 "," 12,007 "," 32,543 "," 3,734 "," 6,045 "," 4,710 "," 62,058 ", -   ," 7,503 ", 381 ," 138,242 "
401," 13,213 "," 3,178 "," 6,784 "," 33,433 "," 2,753 ", 58 , 66 ," 103,445 "," 1,655 ", 189 , -   ," 164,775 "
402," 5,308 "," 4,405 "," 4,942 "," 21,846 ", 279 , 226 ," 1,341 "," 67,678 ", -   ," 1,225 ", -   ," 107,251 "
403," 14,657 "," 7,516 "," 6,083 "," 42,829 "," 4,745 "," 1,468 "," 1,710 "," 108,044 ", -   ," 2,716 ", 357 ," 190,124 "
404," 6,935 "," 13,850 "," 50,249 "," 77,079 "," 10,592 "," 14,207 "," 10,697 "," 160,846 "," 3,007 "," 13,282 "," 1,220 "," 361,965 "
405," 4,188 "," 1,467 "," 2,716 "," 10,981 ", 210 , -   ," 1,094 "," 22,521 ", -   , 973 , -   ," 44,151 "
406, 840 , 882 ," 3,323 "," 3,484 "," 1,466 ", -   , 391 ," 14,124 ", -   , -   , -   ," 24,509 "
407," 10,583 "," 6,893 "," 22,197 "," 36,314 "," 3,272 "," 11,824 "," 5,004 "," 57,488 ", 147 ," 6,243 "," 1,270 "," 161,233 "
408," 4,474 "," 6,013 "," 15,763 "," 18,998 "," 1,501 "," 1,716 "," 1,648 "," 29,784 ", -   , 643 , 257 ," 80,798 "
409," 1,201 "," 3,265 "," 14,117 "," 15,457 "," 2,878 ", -   ," 1,257 "," 26,210 ", -   ," 1,659 ", -   ," 66,044 "
410," 12,019 "," 3,032 "," 14,739 "," 21,376 ", 741 ," 1,137 ", 474 ," 88,198 ", -   ," 4,262 ", -   ," 145,978 "
411," 3,090 "," 3,250 "," 3,380 "," 14,733 ", -   , 347 ," 1,180 "," 47,238 ", -   ," 1,398 ", -   ," 74,615 "
412," 2,660 ", 555 ," 5,909 "," 6,394 ", -   , 159 , -   ," 14,652 ", -   ," 1,085 ", -   ," 31,416 "
413," 3,161 ", 164 ," 1,231 "," 1,924 ", -   , -   , -   ," 9,596 ", -   ," 1,402 ", -   ," 17,478 "
414," 1,093 ", 327 , 827 ," 2,542 ", 99 , -   , 50 ," 11,829 ", -   , 526 , -   ," 17,294 "
415," 4,075 "," 4,432 "," 6,992 "," 7,516 ", 892 , -   , -   ," 30,511 ", -   , 816 , 281 ," 55,513 "
416, -   , 257 ," 4,084 "," 6,055 ", -   , -   , 411 ," 10,906 ", -   , 649 , -   ," 22,362 "
417, -   , -   , -   , -   , -   , -   , -   , -   , -   , 178 , -   , 178 
418, 543 , 942 ," 2,558 "," 6,986 ", 204 , 813 , 374 ," 16,745 ", -   ," 1,490 ", -   ," 30,656 "
419, 31 , -   , -   , -   , -   , -   , -   , -   , -   , -   , -   , 31 
420, 409 , 694 ," 1,422 "," 3,485 ", 997 , 56 , 161 ," 8,420 ", -   , 600 , -   ," 16,244 "
421, -   , -   , -   , -   , -   , -   , 104 , -   , -   , -   , -   , 104 
422," 2,655 "," 2,016 "," 6,230 "," 10,501 ", 311 , 220 , 862 ," 24,310 ", -   , 872 , -   ," 47,977 "
423, 0 , 0 , 0 , 0 , 0 , 0 , 0 , 0 , 0 , 0 , 0 , -   
424," 2,344 "," 8,194 "," 17,018 "," 22,761 "," 2,446 "," 6,185 "," 1,217 "," 50,168 ", -   ," 1,671 ", 915 ," 112,918 "
425, 958 ," 4,651 "," 13,597 "," 15,805 "," 2,406 "," 2,111 ", 860 ," 51,727 ", -   ," 2,152 ", 292 ," 94,559 "
426," 1,412 "," 1,359 "," 5,439 "," 19,934 "," 4,091 ", 375 ," 1,209 "," 34,701 ", -   ," 3,393 ", -   ," 71,912 "
427, 885 ," 2,139 "," 8,814 "," 3,442 "," 3,919 ", 950 ," 1,668 "," 7,265 ", -   ," 1,661 ", 255 ," 30,997 "
428," 21,205 "," 3,486 "," 18,234 "," 7,372 "," 1,536 "," 1,939 "," 1,261 "," 15,632 ", -   ," 2,201 "," 1,428 "," 74,294 "
429," 9,426 "," 20,275 "," 68,909 "," 43,743 "," 8,900 "," 21,802 "," 5,922 "," 55,766 "," 2,852 "," 11,722 "," 6,172 "," 255,490 "
430, 626 ," 1,449 "," 8,043 "," 3,127 "," 2,026 "," 1,035 "," 1,784 "," 30,731 ", -   , -   ," 1,096 "," 49,919 "
431, 659 , 977 ," 2,579 "," 18,407 ", 320 ," 4,128 "," 1,057 "," 15,357 ", -   , 603 , -   ," 44,088 "
432, -   ," 1,879 ", 846 ," 2,925 "," 2,133 ", -   , -   ," 18,170 ", -   , 311 , 360 ," 26,624 "
433, 590 ," 2,712 "," 11,504 "," 9,293 ", -   ," 2,268 ", -   ," 22,745 ", -   , 585 , 623 ," 50,321 "
434," 2,192 "," 5,844 "," 10,146 "," 10,431 "," 4,429 ", -   ," 2,381 "," 35,667 ", -   ," 2,581 ", 349 ," 74,020 "
435," 1,580 "," 4,152 "," 6,612 "," 17,575 "," 1,212 ", -   ," 1,859 "," 40,375 ", -   ," 1,844 ", -   ," 75,209 "
436," 5,403 "," 2,108 "," 7,149 "," 12,015 ", 283 , 581 , 894 ," 37,257 ", -   , 790 , -   ," 66,481 "
437," 3,559 "," 4,117 "," 7,804 "," 11,669 "," 1,524 ", -   , 321 ," 39,480 ", -   , 188 , -   ," 68,662 "
438," 14,866 "," 9,759 "," 21,872 "," 15,118 "," 6,609 "," 3,164 "," 1,542 "," 92,788 ", -   ," 3,925 "," 1,060 "," 170,702 "
439, 947 ," 8,226 "," 20,050 "," 23,968 "," 1,745 "," 7,493 "," 6,264 "," 107,565 ", -   ," 4,681 "," 1,265 "," 182,204 "
440," 7,198 "," 3,023 "," 4,855 "," 27,392 "," 2,015 "," 4,394 "," 4,585 "," 91,938 ", -   , 562 ," 1,682 "," 147,644 "
441, 60 , -   , 767 , 389 , -   , -   , 34 ," 1,723 ", -   , -   , -   ," 2,973 "
442," 22,718 "," 2,673 "," 15,275 "," 18,247 "," 1,505 ", -   , 408 ," 32,399 ", 732 , 897 ," 3,066 "," 97,922 "
443," 7,775 "," 22,433 "," 28,793 "," 52,601 "," 10,363 "," 11,504 "," 6,385 "," 86,251 "," 1,232 "," 2,201 "," 2,728 "," 232,265 "
444," 3,654 "," 3,047 "," 16,053 "," 20,116 "," 5,231 "," 2,012 "," 3,757 "," 103,784 ", 75 ," 2,552 ", -   ," 160,280 "
445, -   ," 2,284 "," 3,811 "," 16,276 ", 420 , 222 ," 2,353 "," 67,650 ", -   , 271 , -   ," 93,288 "
446, -   , 423 , 433 , 604 , 203 , -   , 747 ," 19,328 ", -   , -   , -   ," 21,738 "
447," 7,187 "," 7,439 "," 17,765 "," 27,350 "," 7,411 "," 1,941 "," 1,602 "," 60,545 ", -   ," 2,812 ", 555 ," 134,608 "
448," 2,110 ", 195 ," 4,631 "," 2,482 ", 169 , -   , -   ," 17,395 ", -   , 316 , -   ," 27,298 "
449, 351 , 627 ," 1,732 "," 1,393 ", 484 , -   , 202 ," 9,327 ", 175 , 581 , 183 ," 15,054 "
450, 250 ," 1,110 "," 2,009 "," 2,349 ", -   , -   , -   ," 9,645 ", -   ," 1,350 ", 142 ," 16,854 "
451," 2,370 "," 4,387 "," 6,962 "," 9,261 "," 1,292 ", 326 ," 1,215 "," 30,208 ", -   , 120 ," 1,556 "," 57,698 "
452," 18,824 "," 10,018 "," 19,635 "," 30,427 "," 7,683 "," 4,232 "," 2,068 "," 88,908 ", -   ," 6,077 ", -   ," 187,872 "
453," 11,108 "," 4,335 "," 16,339 "," 21,091 "," 1,172 ", 86 , 190 ," 47,944 ", -   ," 5,683 "," 2,074 "," 110,022 "
454," 2,536 "," 8,582 "," 15,730 "," 21,729 "," 5,075 "," 1,085 "," 3,085 "," 45,814 ", 220 ," 4,390 ", 583 ," 108,830 "
455," 4,077 "," 9,197 "," 17,947 "," 31,066 "," 4,718 "," 5,372 "," 3,232 "," 45,047 ", -   ," 3,573 ", 383 ," 124,612 "
456," 2,746 "," 10,834 "," 47,623 "," 38,010 "," 18,420 "," 12,454 "," 7,294 "," 74,684 "," 1,692 "," 9,515 "," 1,346 "," 224,618 "
457," 5,515 "," 5,425 "," 7,499 "," 31,133 "," 9,648 "," 3,983 "," 4,051 "," 137,258 ", -   ," 1,809 ", -   ," 206,322 "
458," 14,489 "," 3,657 "," 17,357 "," 36,687 "," 5,427 "," 7,861 "," 1,206 "," 79,068 ", -   ," 5,689 ", 962 ," 172,403 "
459," 3,480 ", 687 ," 6,892 "," 8,868 ", -   , -   , 840 ," 35,083 ", -   , -   , -   ," 55,850 "
460," 1,163 ", 151 ," 1,418 "," 2,517 ", 453 , 132 ," 1,282 "," 17,110 ", -   , 163 , -   ," 24,388 "
461, 62 , -   , 760 , -   , -   , -   ," 2,366 ", -   , -   , -   , -   ," 3,188 "
462," 13,251 "," 2,944 "," 12,289 "," 38,922 "," 3,167 "," 2,866 ", 930 ," 114,342 ", -   ," 3,641 ", 338 ," 192,689 "
463," 9,852 "," 11,092 "," 28,670 "," 33,940 "," 9,018 "," 8,826 "," 3,248 "," 59,077 ", -   ," 10,293 "," 2,635 "," 176,652 "
464," 8,657 "," 4,584 "," 3,680 "," 25,590 "," 6,760 "," 2,133 ", -   ," 73,429 ", -   ," 6,319 ", -   ," 131,151 "
465," 22,878 "," 4,403 "," 7,159 "," 37,577 "," 3,595 "," 2,180 "," 1,152 "," 85,948 ", -   , 987 ," 1,815 "," 167,696 "
466," 8,929 "," 3,146 "," 5,226 "," 24,824 "," 1,283 "," 2,582 "," 4,731 "," 52,645 ", -   , 341 , -   ," 103,706 "
467," 7,141 ", -   ," 5,138 "," 14,004 "," 1,337 ", -   ," 1,841 "," 64,429 ", -   ," 2,317 ", -   ," 96,205 "
468," 1,234 "," 2,075 "," 19,807 "," 28,915 "," 3,532 "," 3,447 "," 6,852 "," 59,709 ", -   ," 5,327 ", 635 ," 131,533 "
469," 2,110 ", 646 ," 3,945 "," 16,036 ", 345 , 266 , -   ," 28,042 ", -   , 916 , -   ," 52,305 "
470," 3,160 "," 3,609 "," 5,360 "," 36,564 ", 696 ," 1,093 ", 131 ," 61,738 ", -   , 285 , -   ," 112,636 "
471," 2,819 "," 1,860 "," 7,445 "," 14,312 ", 239 ," 1,261 ", 212 ," 30,162 ", -   ," 2,204 ", -   ," 60,514 "
472, 762 ," 1,961 "," 1,243 "," 15,546 ", -   , 624 , 137 ," 47,346 ", -   ," 3,940 ", -   ," 71,559 "
473," 1,598 "," 4,279 "," 7,214 "," 49,734 "," 3,317 "," 1,267 "," 4,865 "," 113,130 ", 38 ," 7,766 ", -   ," 193,210 "
474," 10,254 "," 7,645 "," 11,439 "," 14,306 "," 1,721 ", 518 , 135 ," 40,175 ", -   ," 4,558 ", 558 ," 91,310 "
475," 1,735 ", 940 ," 2,727 "," 4,513 ", 193 , -   ," 1,479 "," 12,230 ", -   , -   , 650 ," 24,468 "
476," 1,079 "," 4,294 "," 17,337 "," 50,885 "," 2,082 "," 3,988 "," 1,054 "," 93,547 ", -   ," 3,777 ", 476 ," 178,519 "
477, 109 , -   , 705 ," 1,085 ", -   , -   , -   ," 2,993 ", -   , -   , -   ," 4,893 "
478," 1,357 ", 150 ," 1,670 "," 2,263 ", -   , 26 , -   ," 4,359 ", -   , -   , -   ," 9,825 "
479, 28 , -   ," 4,282 "," 3,454 ", 241 , 251 , -   ," 9,277 ", -   ," 1,102 ", -   ," 18,634 "
480," 2,306 "," 1,381 "," 8,664 "," 7,893 "," 2,268 "," 3,569 ", 479 ," 28,910 ", -   ," 1,334 ", 113 ," 56,918 "
481, 294 , 293 ," 2,845 "," 5,227 ", -   , 629 ," 1,291 "," 16,823 ", -   , 171 , -   ," 27,573 "
482, 505 , 35 , 341 ," 1,243 ", 438 , -   , 127 ," 3,937 ", -   , -   , -   ," 6,625 "
483, 880 ," 1,012 "," 3,736 "," 7,341 ", 334 , 594 , 292 ," 16,882 ", 181 ," 1,400 ", -   ," 32,651 "
484, 0 , 0 , 0 , 0 , 0 , 0 , 0 , 0 , 0 , 0 , 0 , -   
485, 0 , 0 , 0 , 0 , 0 , 0 , 0 , 0 , 0 , 0 , 0 , -   
486," 13,175 "," 6,281 "," 41,297 "," 45,051 "," 3,582 "," 2,078 "," 7,487 "," 95,781 ", -   ," 1,839 ", 492 ," 217,063 "
487," 9,814 "," 3,900 "," 30,788 "," 28,735 ", 892 , 642 , -   ," 49,522 ", -   , 558 , 527 ," 125,378 "
488," 17,412 "," 10,052 "," 40,408 ", 647 ," 1,998 "," 1,161 "," 4,081 ", -   , 221 ," 1,373 "," 1,705 "," 79,059 "
489, 251 ," 1,404 "," 2,773 ", 508 , 287 , 128 , -   , -   , -   , -   , -   ," 5,350 "
490, 321 ," 2,000 "," 4,692 "," 19,006 ", 856 , -   , -   ," 39,684 ", -   , 305 , -   ," 66,864 "
491, 35 ," 3,815 "," 4,506 "," 21,869 "," 1,058 ", 351 ," 2,030 "," 48,575 ", -   , 276 , -   ," 82,514 "
492," 1,757 "," 1,655 "," 5,752 "," 12,164 ", 223 ," 2,136 "," 1,523 "," 21,560 ", -   , 456 , -   ," 47,226 "
493," 1,189 "," 1,147 "," 4,021 "," 2,821 ", 154 , -   , 467 ," 2,983 ", -   , -   , 11 ," 12,792 "
494," 1,586 "," 4,109 "," 6,362 "," 30,887 "," 1,813 ", 921 ," 2,375 "," 87,064 ", -   ," 2,227 ", 646 ," 137,991 "
495," 2,812 "," 5,329 "," 13,418 "," 25,603 "," 4,680 "," 2,981 "," 3,877 "," 65,745 ", -   ," 4,056 ", -   ," 128,503 "
496," 2,660 "," 3,904 "," 9,624 "," 12,353 "," 1,316 "," 1,224 "," 2,151 "," 47,330 ", -   ," 5,759 ", -   ," 86,321 "
497," 4,644 "," 2,421 "," 4,232 "," 8,560 "," 1,856 ", 98 ," 1,263 "," 34,186 ", -   , 836 , -   ," 58,096 "
498, 925 ," 2,675 "," 4,160 "," 14,533 ", 329 , 246 , 265 ," 41,189 ", -   ," 2,293 ", -   ," 66,615 "
499," 4,714 "," 10,078 "," 35,978 "," 12,644 "," 5,008 "," 8,359 ", 630 ," 5,162 "," 1,781 "," 4,200 ", 979 ," 89,534 "
500, 431 ," 7,923 "," 17,713 "," 20,487 "," 3,375 ", 290 ," 2,486 "," 13,967 ", -   ," 3,763 ", 399 ," 70,833 "
501," 1,123 "," 2,366 "," 7,952 "," 11,116 ", 431 , -   ," 1,868 "," 36,302 ", -   ," 1,302 ", 533 ," 62,992 "
502, 547 ," 4,669 "," 24,852 "," 21,123 ", 821 ," 2,649 "," 1,450 "," 53,491 ", -   ," 4,308 ", 349 ," 114,259 "
503, 318 ," 3,389 "," 2,705 "," 7,528 ", -   , -   , 372 ," 27,506 ", -   , -   , -   ," 41,817 "
504, -   , 414 ," 8,856 "," 25,196 ", 143 , -   , 446 ," 56,276 ", -   , 137 , -   ," 91,467 "
505, 420 ," 3,127 "," 7,044 "," 24,904 ", -   , -   ," 2,285 "," 84,766 ", -   , 252 , -   ," 122,799 "
506," 1,799 "," 2,482 "," 4,710 "," 25,439 "," 3,814 ", 508 , 788 ," 59,487 ", -   ," 4,902 ", 392 ," 104,320 "
507, 932 , 593 ," 5,180 "," 1,044 ", 169 , -   , -   ," 13,424 ", -   , -   , -   ," 21,341 "
508," 1,720 "," 1,637 "," 10,817 "," 5,022 ", 178 , 232 ," 1,746 "," 12,538 ", -   , 195 , 349 ," 34,433 "
509, 339 ," 4,789 "," 5,738 "," 28,166 "," 1,157 ", 481 , 263 ," 71,435 ", -   ," 1,720 ", 95 ," 114,183 "
510," 1,343 "," 3,104 "," 8,137 "," 13,005 ", 316 ," 1,039 ", 336 ," 33,032 ", -   , 523 , -   ," 60,835 "
511," 1,196 "," 2,581 "," 8,174 "," 10,448 "," 1,145 "," 1,121 "," 1,914 "," 39,453 ", -   , 56 , -   ," 66,087 "
512," 7,023 "," 3,337 "," 4,749 "," 3,372 ", -   , -   , 88 ," 26,711 ", 182 , 161 , -   ," 45,624 "
513," 7,666 ", 80 ," 4,832 "," 4,769 ", -   , -   , 230 ," 8,040 ", -   , 208 , -   ," 25,824 "
514," 2,513 "," 2,856 "," 5,597 "," 17,709 "," 5,067 ", 313 , 111 ," 82,025 ", -   ," 3,052 ", -   ," 119,242 "
515, -   , 110 , 413 , 37 , -   , -   , -   ," 10,527 ", -   , 178 , -   ," 11,266 "
516," 5,402 "," 3,278 "," 16,703 "," 13,493 "," 1,184 ", 63 ," 2,299 "," 25,238 ", -   , 882 , 383 ," 68,925 "
517," 11,713 "," 2,236 "," 9,022 "," 6,724 ", 810 ," 1,742 ", 663 ," 24,357 ", 983 , 652 , -   ," 58,902 "
518," 8,257 "," 6,732 "," 23,393 "," 32,243 "," 4,815 ", 664 ," 3,612 "," 88,847 ", -   ," 7,893 "," 1,088 "," 177,544 "
519, 210 , -   ," 1,337 "," 1,555 ", 222 , -   , -   ," 6,230 ", -   , 53 , -   ," 9,608 "
520, -   , -   , 119 , -   , -   , 873 , -   , -   , -   , -   , -   , 991 
521," 3,266 "," 1,621 "," 8,176 "," 3,573 ", 168 , 954 , 39 ," 25,146 ", -   ," 1,058 ", -   ," 44,000 "
522," 5,262 "," 1,150 "," 13,201 "," 15,453 "," 2,891 ", 120 , 898 ," 45,198 ", -   ," 1,310 ", -   ," 85,483 "
523, 97 , -   , 836 ," 1,358 ", 34 , -   , -   ," 5,735 ", -   , -   , -   ," 8,060 "
524," 2,655 "," 2,681 "," 9,598 "," 45,072 "," 2,367 ", 930 ," 8,573 "," 83,834 ", -   ," 3,897 ", -   ," 159,610 "
525," 8,915 "," 2,769 "," 15,400 "," 51,736 "," 2,532 "," 5,047 "," 3,425 "," 100,477 ", -   , 507 , -   ," 190,809 "
526," 14,558 "," 7,244 "," 26,403 "," 51,404 ", 196 , 705 ," 2,315 "," 123,876 ", -   ," 1,831 ", -   ," 228,533 "
527, 684 , 510 ," 2,194 "," 9,545 ", -   , 704 , 121 ," 16,311 ", -   , 406 , -   ," 30,475 "
,,,,,,,,,,,,
 Total RMSP ," 1,273,707 "," 1,727,831 "," 5,581,477 "," 6,640,519 "," 781,658 "," 824,974 "," 673,384 "," 17,072,792 "," 36,141 "," 821,305 "," 227,275 "," 35,661,062 "
,,,,,,,,,,,,
Fonte:  Metrô/SP - Pesquisa Origem e Destino 2023,,,,,,,,,,,,
